{"metadata":{"asset_id":"4ce3d733-65f9-4325-ae0f-ab843988047c","asset_attributes":["notebook"],"name":"abhishek 2","asset_type":"notebook","created_at":"2024-01-08T15:43:56Z","description":"","origin_country":"us","owner_id":"IBMid-6940008U4S","project_id":"c077edab-23e5-4829-9e74-aa8e651034a8","size":27061,"tags":["notebook"],"usage":{"last_update_time":1704728775976,"last_updated_at":"2024-01-08T15:46:15Z"}},"entity":{"notebook":{"kernel":{"name":"python3","display_name":"Python 3.10","language":"python"},"originates_from":{"type":"file"},"runtime":{"environment":"rt231pys2-c077edab-23e5-4829-9e74-aa8e651034a8"}},"location_definition":{"physical_location_code":"FRA","physical_location_code_assigned_by":"IBMid-6940008U4S","physical_location_code_rds_id":"c57cb90f-2126-3800-9c9f-9eab82021cdf","physical_location_code_rds_version":"00002024-0108-4133-8705-278008000000_4","physical_location_code_assignment_method":"INFERRED","physical_location_code_added_on":"1704728637207"}},"attachments":[{"id":"9458ce01-d68d-46a9-ba54-7f1e04d80e8d","version":2,"asset_type":"notebook","name":"attachment for notebook 4ce3d733-65f9-4325-ae0f-ab843988047c","description":"attachment for notebook 4ce3d733-65f9-4325-ae0f-ab843988047c","mime":"application/json","datasource_type":"193a97c1-4475-4a19-b90c-295c4fdc6517","object_key":"notebook/abhishek_2_9eTs5mJ55.ipynb","creator_id":"IBMid-6940008U4S","create_time":1704728637210,"size":27061,"is_remote":false,"is_managed":false,"is_referenced":true,"is_object_key_read_only":false,"is_user_provided_path_key":true,"transfer_complete":true,"is_partitioned":false,"complete_time_ticks":1704728637210,"user_data":{},"test_doc":0,"handle":{"bucket":"first1-donotdelete-pr-lvgm3gi7gliyju","location":"eu-de","type":"bluemix_cos","key":"notebook/abhishek_2_9eTs5mJ55.ipynb","upload_id":"done","max_part_num":1},"usage":{"access_count":1,"last_accessor_id":"IBMid-6940008U4S","last_access_time":1704728775972,"last_updater_id":"IBMid-6940008U4S","last_update_time":1704728775972}}]}
